vars_score_analyzer, methods_score_analyzer, class_score_analyzer, global_score_analyzer, total_score_analyzer, code_example
8.636363636363637, 8.333333333333334, 10.0, 8.333333333333334, 8.825757575757576, 1
9.84126984126984, 4.375, 9.230769230769232, 10.0, 8.361759768009769, 2
8.53211009174312, 8.963855421686747, 9.55056179775281, 9.473684210526315, 9.130052880427247, 3
8.015873015873016, 3.25, 10.0, 8.333333333333334, 7.399801587301587, 4
8.813559322033898, 8.823529411764707, 9.591836734693878, 6.666666666666666, 8.473898033789787, 5
